Designator,Val,Package,Mid X,Mid Y,Rotation,Layer
BT1,Battery_Cell,BatteryHolder_MYOUNG_BH-18650-B1BA007_2x18650,46.99,-0.0,90.0,top
C1,22uF,C_0805_2012Metric,71.628,10.033,180.0,top
C2,10uF,C_0805_2012Metric,70.739,-12.7,-90.0,top
C3,10uF,C_0805_2012Metric,73.279,-12.7,-90.0,top
C4,330uF,CP_Elec_6.3x7.7,73.787,-27.432,270.0,top
C5,10uF,C_0805_2012Metric,80.447625,1.89,90.0,top
C6,100nF,C_0603_1608Metric,82.296,-25.908,-90.0,top
C7,2.2uF,C_0603_1608Metric,78.669625,1.89,-90.0,top
C8,1uF,C_0603_1608Metric,88.537,25.908,0.0,top
C9,2.2uF,C_0603_1608Metric,87.294,-2.54275,-90.0,top
C10,100nF,C_0603_1608Metric,89.789,-29.608,90.0,top
C11,100nF,C_0603_1608Metric,85.77,-2.54275,-90.0,top
C12,100nF,C_0603_1608Metric,14.986,19.304,0.0,top
C13,100nF,C_0603_1608Metric,94.869,-23.004,-90.0,top
C14,10nF,C_0603_1608Metric,80.193625,-2.682,0.0,top
C15,10nF,C_0603_1608Metric,86.532,1.01325,-90.0,top
C16,1uF,C_0603_1608Metric,88.537,24.384,0.0,top
C17,1uF,C_0603_1608Metric,88.265,-29.595,90.0,top
C18,100nF,C_0603_1608Metric,14.986,-19.304,0.0,top
C19,330uF,CP_Elec_6.3x7.7,74.0,31.242,0.0,top
C20,22uF,C_0805_2012Metric,86.36,17.018,180.0,top
C21,22uF,C_0805_2012Metric,86.36,14.008,180.0,top
C22,22uF,C_0805_2012Metric,86.36,11.43,180.0,top
C23,10nF,C_0603_1608Metric,86.6135,-4.99475,180.0,top
C24,10nF,C_0603_1608Metric,82.55,12.192,-90.0,top
C25,2.2nF,C_0603_1608Metric,72.644,6.477,0.0,top
C26,47pF,C_0603_1608Metric,74.93,7.239,-90.0,top
C27,100nF,C_0603_1608Metric,82.55,-31.242,180.0,top
D1,LED,LED_0603_1608Metric,5.334,-16.637,0.0,top
D2,LED,LED_0603_1608Metric,84.074,-0.0,-90.0,top
D3,SS54,D_SMA,84.582,20.574,180.0,top
J2,Conn_01x05,PinHeader_1x05_P2.54mm_Vertical,10.165,12.7,0.0,top
J3,USB_B_Micro,USB_Micro-B_Amphenol_10118194_Horizontal,74.168,-46.736,0.0,top
J9,Conn_01x05,PinHeader_1x05_P2.54mm_Vertical,10.165,5.08,0.0,top
J10,Conn_01x05,PinHeader_1x05_P2.54mm_Vertical,10.165,-2.54,0.0,top
J11,Conn_01x03,PinHeader_1x03_P2.54mm_Vertical,112.522,-39.385,270.0,top
J12,Conn_01x03,PinHeader_1x03_P2.54mm_Vertical,112.522,39.385,90.0,top
J13,Conn_02x06_Odd_Even,PinSocket_2x06_P2.54mm_Vertical,22.332,0.025,90.0,top
L1,22uH,L_Taiyo-Yuden_NR-40xx,92.093,29.21,90.0,top
L2,4.7uH,L_Panasonic-ETQP3M,76.962,20.574,0.0,top
R1,10K,R_0603_1608Metric,97.79,-32.004,-90.0,top
R2,10K,R_0603_1608Metric,97.79,-20.32,90.0,top
R3,10K,R_0603_1608Metric,97.79,-10.16,90.0,top
R4,10K,R_0603_1608Metric,97.79,-0.0,90.0,top
R5,10K,R_0603_1608Metric,97.79,10.16,90.0,top
R6,10K,R_0603_1608Metric,97.79,20.32,90.0,top
R7,10K,R_0603_1608Metric,97.79,31.75,90.0,top
R8,2.2K,R_0603_1608Metric,88.9,-11.303,0.0,top
R9,2.2K,R_0603_1608Metric,89.027,-8.763,180.0,top
R10,2.2K,R_0603_1608Metric,5.334,-18.923,0.0,top
R11,2.2K,R_0603_1608Metric,84.074,3.556,90.0,top
R12,10K,R_0603_1608Metric,20.828,19.304,90.0,top
R13,10K,R_0603_1608Metric,18.796,19.304,90.0,top
R14,10K,R_0603_1608Metric,72.771,3.429,180.0,top
R15,10,R_0603_1608Metric,86.759,32.258,0.0,top
R16,10K,R_0603_1608Metric,22.86,-18.034,-90.0,top
R17,10K,R_0603_1608Metric,24.638,-18.034,-90.0,top
R18,76.8k,R_0603_1608Metric,86.36,8.382,180.0,top
R19,20k,R_0603_1608Metric,83.312,8.382,180.0,top
R20,51k,R_0603_1608Metric,72.644,8.001,180.0,top
R21,1K,R_0603_1608Metric,82.55,-32.893,0.0,top
R22,1R,R_0603_1608Metric,46.99,-41.148,180.0,top
SW1,SW_SPDT_XKB_SSD1210L3,SW_XKB_SS12D10L3,10.16,-10.668,0.0,top
U1,AP2112K-3.3,SOT-23-5,72.517,-16.764,0.0,top
U2,ITR9909,Everlight_ITR9909,104.648,-45.72,180.0,bottom
U3,ITR9909,Everlight_ITR9909,104.648,-20.32,180.0,bottom
U4,ITR9909,Everlight_ITR9909,104.63,-10.14,180.0,bottom
U5,ITR9909,Everlight_ITR9909,104.648,-0.0,180.0,bottom
U6,ITR9909,Everlight_ITR9909,104.63,10.18,180.0,bottom
U7,ITR9909,Everlight_ITR9909,104.63,20.34,180.0,bottom
U8,ITR9909,Everlight_ITR9909,104.648,45.72,180.0,bottom
U10,AP3019A,TSOT-23-6,86.759,29.21,90.0,top
U11,DRV8833PWP,HTSSOP-16-1EP_4.4x5mm_P0.65mm_EP3.4x5mm_Mask2.46x2.31mm_ThermalVias_reduced,73.111,-0.467,270.0,top
U12,icm42688,Bosch_LGA-14_3x2.5mm_P0.5mm,89.658,-0.42675,-90.0,top
U14,PAM2423,SOIC-8-1EP_3.9x4.9mm_P1.27mm_EP2.62x3.51mm,77.47,11.938,270.0,top
U15,ATSAMD21G18A-A,QFP-48_7x7_Pitch0.5mm_reduced,88.138,-21.844,90.0,top
X1,SSW32768KF3CHC-IT,Crystal_SMD_3225-4Pin_3.2x2.5mm_small_pads,90.596,-5.84475,90.0,top
